year,quarter,transaction_type,instrument_type,transaction_count
2018,1,Retail,TOTAL,89921478
2018,1,Utility,TOTAL,2955878
2018,1,P2P,TOTAL,47101116
2018,2,P2P,TOTAL,74704527
2018,2,Retail,TOTAL,111138041
2018,2,Utility,TOTAL,7805908
2018,3,P2P,TOTAL,202136497
2018,3,Retail,TOTAL,133122344
2018,3,Utility,TOTAL,11767069
2018,4,P2P,TOTAL,200253637
2018,4,Utility,TOTAL,15890009
2018,4,Retail,TOTAL,212247229
2019,1,P2P,TOTAL,404853333
2019,1,Retail,TOTAL,290431981
2019,1,Utility,TOTAL,25001026
2019,2,P2P,TOTAL,384919116
2019,2,Retail,TOTAL,414986396
2019,2,Utility,TOTAL,27745731
2019,3,P2P,TOTAL,462141725
2019,3,Retail,TOTAL,591714936
2019,3,Utility,TOTAL,52085151
2019,4,P2P,TOTAL,703745511
2019,4,Utility,TOTAL,106511932
2019,4,Retail,TOTAL,660286758
2020,1,P2P,TOTAL,694257483
2020,1,Retail,TOTAL,778526397
2020,1,Utility,TOTAL,159916511
2020,2,P2P,TOTAL,631268435
2020,2,Retail,TOTAL,610011327
2020,2,Utility,TOTAL,218793828
2020,3,P2P,TOTAL,917047650
2020,3,Retail,TOTAL,911011891
2020,3,Utility,TOTAL,219960397
2020,4,P2P,TOTAL,1249592359
2020,4,Utility,TOTAL,288560685
2020,4,Retail,TOTAL,1343719654
2021,1,Retail,TOTAL,1485134324
2021,1,Utility,TOTAL,532828981
2021,1,P2P,TOTAL,1447737856
2021,2,P2P,TOTAL,1744381804
2021,2,Retail,TOTAL,1473347416
2021,2,Utility,TOTAL,732835741
2021,3,P2P,TOTAL,2215589893
2021,3,Retail,TOTAL,2278944000
2021,3,Utility,TOTAL,778122768
2021,4,P2P,TOTAL,2357658301
2021,4,Utility,TOTAL,698907805
2021,4,Retail,TOTAL,2708036931
2022,1,Retail,TOTAL,3643052357
2022,1,Utility,TOTAL,776357606
2022,1,P2P,TOTAL,3004148819
2022,2,P2P,TOTAL,3425101859
2022,2,Retail,TOTAL,4617039926
2022,2,Utility,TOTAL,911561731
2022,3,P2P,TOTAL,3947241409
2022,3,Retail,TOTAL,5549687895
2022,3,Utility,TOTAL,1040275543
2022,4,P2P,TOTAL,4324963928
2022,4,Retail,TOTAL,6322053632
2022,4,Utility,TOTAL,1079242404
2023,1,Retail,TOTAL,7131649041
2023,1,Utility,TOTAL,1172364563
2023,1,P2P,TOTAL,4792470518
2023,2,P2P,TOTAL,5374551578
2023,2,Retail,TOTAL,8425354748
2023,2,Utility,TOTAL,1316281943
2023,3,P2P,TOTAL,5929670663
2023,3,Retail,TOTAL,9741914217
2023,3,Utility,TOTAL,1376579779
2023,4,P2P,TOTAL,6647630864
2023,4,Retail,TOTAL,10978328265
2023,4,Utility,TOTAL,1409175913
2024,1,Retail,TOTAL,12362025799
2024,1,Utility,TOTAL,1551676514
2024,1,P2P,TOTAL,7336132265
2024,2,P2P,TOTAL,7929913581
2024,2,Retail,TOTAL,14417003150
2024,2,Utility,TOTAL,1685219208
2024,3,P2P,TOTAL,8566987345
2024,3,Retail,TOTAL,15529951447
2024,3,Utility,TOTAL,1730624851
2024,4,P2P,TOTAL,9368201927
2024,4,Utility,TOTAL,1767462539
2024,4,Retail,TOTAL,17088280371
2025,1,P2P,TOTAL,9746733751
2025,1,Retail,TOTAL,17844086266
2025,1,Utility,TOTAL,1917477198
2025,2,P2P,TOTAL,9900005748
2025,2,Retail,TOTAL,19304029989
2025,2,Utility,TOTAL,1930174862
2025,3,P2P,TOTAL,10422073985
2025,3,Retail,TOTAL,20635151288
2025,3,Utility,TOTAL,1950772627
2025,4,P2P,TOTAL,11083827632
2025,4,Utility,TOTAL,1977344265
2025,4,Retail,TOTAL,21832362356
2026,1,P2P,TOTAL,11518262185
2026,1,Retail,TOTAL,22674188870
2026,1,Utility,TOTAL,2059248030
2026,2,P2P,TOTAL,11889781621
2026,2,Retail,TOTAL,24691181013
2026,2,Utility,TOTAL,2083323057
