year,quarter,registered_users
2018,1,47483331
2018,2,64487449
2018,3,80451695
2018,4,103041018
2019,1,124474095
2019,2,142792343
2019,3,161077774
2019,4,179919543
2020,1,199439769
2020,2,220938543
2020,3,243215163
2020,4,266217911
2021,1,287013158
2021,2,306887085
2021,3,329261090
2021,4,351735253
2022,1,373458895
2022,2,393808126
2022,3,415288831
2022,4,435986267
2023,1,455409990
2023,2,473707081
2023,3,493224570
2023,4,512970015
2024,1,534970739
2024,2,556801420
2024,3,578589126
2024,4,598686585
2025,1,618397806
2025,2,637393317
2025,3,657562800
2025,4,676844921
2026,1,694567756
2026,2,711653262
