state,year,quarter,registered_users
andaman & nicobar islands,2018,1,9292
dadra & nagar haveli & daman & diu,2018,1,46505
goa,2018,1,97236
gujarat,2018,1,2813458
haryana,2018,1,1988481
jharkhand,2018,1,880343
madhya pradesh,2018,1,2501837
meghalaya,2018,1,22306
mizoram,2018,1,9312
puducherry,2018,1,47701
punjab,2018,1,902434
sikkim,2018,1,23332
uttar pradesh,2018,1,4921602
andhra pradesh,2018,1,2979027
arunachal pradesh,2018,1,26660
assam,2018,1,449118
bihar,2018,1,2173873
chandigarh,2018,1,84504
chhattisgarh,2018,1,686395
delhi,2018,1,1954765
himachal pradesh,2018,1,232961
jammu & kashmir,2018,1,256997
karnataka,2018,1,3901200
kerala,2018,1,776998
ladakh,2018,1,14795
lakshadweep,2018,1,862
maharashtra,2018,1,6133954
manipur,2018,1,35579
nagaland,2018,1,16047
odisha,2018,1,1573698
rajasthan,2018,1,3184469
tamil nadu,2018,1,2155558
telangana,2018,1,3449556
tripura,2018,1,55908
uttarakhand,2018,1,499946
west bengal,2018,1,2576622
andaman & nicobar islands,2018,2,12739
dadra & nagar haveli & daman & diu,2018,2,62632
goa,2018,2,128359
gujarat,2018,2,3729318
haryana,2018,2,2621706
jharkhand,2018,2,1238359
madhya pradesh,2018,2,3390239
meghalaya,2018,2,31651
mizoram,2018,2,12467
puducherry,2018,2,63878
punjab,2018,2,1225027
sikkim,2018,2,32306
uttar pradesh,2018,2,6777728
andhra pradesh,2018,2,3941740
arunachal pradesh,2018,2,39517
assam,2018,2,669433
bihar,2018,2,3075993
chandigarh,2018,2,113150
chhattisgarh,2018,2,967619
delhi,2018,2,2581867
himachal pradesh,2018,2,321663
jammu & kashmir,2018,2,380192
karnataka,2018,2,5226252
kerala,2018,2,1053063
ladakh,2018,2,21011
lakshadweep,2018,2,1172
maharashtra,2018,2,8236836
manipur,2018,2,54326
nagaland,2018,2,23866
odisha,2018,2,2160851
rajasthan,2018,2,4262966
tamil nadu,2018,2,3061794
telangana,2018,2,4414688
tripura,2018,2,84393
uttarakhand,2018,2,673206
west bengal,2018,2,3795442
andhra pradesh,2018,3,4841052
arunachal pradesh,2018,3,53503
assam,2018,3,900297
bihar,2018,3,3846555
chandigarh,2018,3,141119
chhattisgarh,2018,3,1229445
delhi,2018,3,3271387
himachal pradesh,2018,3,411528
jammu & kashmir,2018,3,476825
karnataka,2018,3,6536115
kerala,2018,3,1311720
ladakh,2018,3,27274
lakshadweep,2018,3,1491
maharashtra,2018,3,10390459
manipur,2018,3,71019
nagaland,2018,3,33223
odisha,2018,3,2740899
rajasthan,2018,3,5199376
tamil nadu,2018,3,3937412
telangana,2018,3,5290796
tripura,2018,3,116340
uttarakhand,2018,3,835826
west bengal,2018,3,4790914
andaman & nicobar islands,2018,3,15949
dadra & nagar haveli & daman & diu,2018,3,79851
goa,2018,3,160129
gujarat,2018,3,4601012
haryana,2018,3,3194626
jharkhand,2018,3,1545612
madhya pradesh,2018,3,4233736
meghalaya,2018,3,42882
mizoram,2018,3,16728
puducherry,2018,3,79099
punjab,2018,3,1542608
sikkim,2018,3,41742
uttar pradesh,2018,3,8443146
andaman & nicobar islands,2018,4,20050
dadra & nagar haveli & daman & diu,2018,4,101702
goa,2018,4,204229
gujarat,2018,4,5796205
haryana,2018,4,3994128
jharkhand,2018,4,1954512
madhya pradesh,2018,4,5311159
meghalaya,2018,4,56903
mizoram,2018,4,22190
puducherry,2018,4,106491
punjab,2018,4,1950642
sikkim,2018,4,53799
uttar pradesh,2018,4,10830097
andhra pradesh,2018,4,6134766
arunachal pradesh,2018,4,71555
assam,2018,4,1200972
bihar,2018,4,4894391
chandigarh,2018,4,175644
chhattisgarh,2018,4,1584333
delhi,2018,4,4336314
himachal pradesh,2018,4,536663
jammu & kashmir,2018,4,601895
karnataka,2018,4,8476930
kerala,2018,4,1712592
ladakh,2018,4,35989
lakshadweep,2018,4,1903
maharashtra,2018,4,13355155
manipur,2018,4,93713
nagaland,2018,4,44601
odisha,2018,4,3565892
rajasthan,2018,4,6407477
tamil nadu,2018,4,5262463
telangana,2018,4,6687832
tripura,2018,4,155407
uttarakhand,2018,4,1050477
west bengal,2018,4,6251947
andaman & nicobar islands,2019,1,24369
dadra & nagar haveli & daman & diu,2019,1,122413
goa,2019,1,248825
gujarat,2019,1,6920980
haryana,2019,1,4759566
jharkhand,2019,1,2344245
madhya pradesh,2019,1,6383958
meghalaya,2019,1,69850
mizoram,2019,1,27134
puducherry,2019,1,129946
punjab,2019,1,2322582
sikkim,2019,1,64728
uttar pradesh,2019,1,13103108
andhra pradesh,2019,1,7399826
arunachal pradesh,2019,1,88991
assam,2019,1,1461630
bihar,2019,1,5903371
chandigarh,2019,1,207673
chhattisgarh,2019,1,1925189
delhi,2019,1,5182927
himachal pradesh,2019,1,664582
jammu & kashmir,2019,1,740329
karnataka,2019,1,10393952
kerala,2019,1,2073323
ladakh,2019,1,44058
lakshadweep,2019,1,2320
maharashtra,2019,1,16274312
manipur,2019,1,112463
nagaland,2019,1,55915
odisha,2019,1,4265066
rajasthan,2019,1,7779148
tamil nadu,2019,1,6377974
telangana,2019,1,8100506
tripura,2019,1,187484
uttarakhand,2019,1,1272751
west bengal,2019,1,7438601
andhra pradesh,2019,2,8379878
arunachal pradesh,2019,2,108855
assam,2019,2,1719942
bihar,2019,2,6750778
chandigarh,2019,2,240155
chhattisgarh,2019,2,2212185
delhi,2019,2,5845734
himachal pradesh,2019,2,782863
jammu & kashmir,2019,2,864680
karnataka,2019,2,12052561
kerala,2019,2,2457611
ladakh,2019,2,51485
lakshadweep,2019,2,2763
maharashtra,2019,2,18737804
manipur,2019,2,130880
nagaland,2019,2,68483
odisha,2019,2,4786497
rajasthan,2019,2,8846756
tamil nadu,2019,2,7498284
telangana,2019,2,9164840
tripura,2019,2,222378
uttarakhand,2019,2,1468181
west bengal,2019,2,8602074
andaman & nicobar islands,2019,2,28099
dadra & nagar haveli & daman & diu,2019,2,139004
goa,2019,2,290801
gujarat,2019,2,7878532
haryana,2019,2,5414773
jharkhand,2019,2,2680159
madhya pradesh,2019,2,7278165
meghalaya,2019,2,83645
mizoram,2019,2,32162
puducherry,2019,2,152917
punjab,2019,2,2699641
sikkim,2019,2,76521
uttar pradesh,2019,2,15042257
andhra pradesh,2019,3,9369779
arunachal pradesh,2019,3,128047
assam,2019,3,1997575
bihar,2019,3,7595450
chandigarh,2019,3,268117
chhattisgarh,2019,3,2488075
delhi,2019,3,6463153
himachal pradesh,2019,3,895546
jammu & kashmir,2019,3,911309
karnataka,2019,3,13733198
kerala,2019,3,2881087
ladakh,2019,3,56993
lakshadweep,2019,3,3275
maharashtra,2019,3,21322044
manipur,2019,3,150811
nagaland,2019,3,82418
odisha,2019,3,5361369
rajasthan,2019,3,9930100
tamil nadu,2019,3,8534286
telangana,2019,3,10225604
tripura,2019,3,254600
uttarakhand,2019,3,1653220
west bengal,2019,3,9692554
andaman & nicobar islands,2019,3,31181
dadra & nagar haveli & daman & diu,2019,3,155873
goa,2019,3,331094
gujarat,2019,3,8815169
haryana,2019,3,6054463
jharkhand,2019,3,3022018
madhya pradesh,2019,3,8231531
meghalaya,2019,3,98774
mizoram,2019,3,38565
puducherry,2019,3,173965
punjab,2019,3,3084133
sikkim,2019,3,88720
uttar pradesh,2019,3,16953678
andhra pradesh,2019,4,10528985
arunachal pradesh,2019,4,146946
assam,2019,4,2240183
bihar,2019,4,8557982
chandigarh,2019,4,292017
chhattisgarh,2019,4,2780915
delhi,2019,4,6975942
himachal pradesh,2019,4,1005852
jammu & kashmir,2019,4,934260
karnataka,2019,4,15440057
kerala,2019,4,3357041
ladakh,2019,4,62146
lakshadweep,2019,4,3708
maharashtra,2019,4,23734339
manipur,2019,4,170399
nagaland,2019,4,95667
odisha,2019,4,6075390
rajasthan,2019,4,11033683
tamil nadu,2019,4,9717126
telangana,2019,4,11330987
tripura,2019,4,283407
uttarakhand,2019,4,1825409
west bengal,2019,4,10931174
andaman & nicobar islands,2019,4,33871
dadra & nagar haveli & daman & diu,2019,4,174634
goa,2019,4,370015
gujarat,2019,4,9739656
haryana,2019,4,6642686
jharkhand,2019,4,3396614
madhya pradesh,2019,4,9219787
meghalaya,2019,4,112925
mizoram,2019,4,44755
puducherry,2019,4,199364
punjab,2019,4,3442072
sikkim,2019,4,100028
uttar pradesh,2019,4,18919521
andhra pradesh,2020,1,11664133
arunachal pradesh,2020,1,169049
assam,2020,1,2534072
bihar,2020,1,9579162
chandigarh,2020,1,316683
chhattisgarh,2020,1,3094859
delhi,2020,1,7506500
himachal pradesh,2020,1,1132310
jammu & kashmir,2020,1,1010260
karnataka,2020,1,17044952
kerala,2020,1,3898086
ladakh,2020,1,68423
lakshadweep,2020,1,4140
maharashtra,2020,1,26163809
manipur,2020,1,193166
nagaland,2020,1,110228
odisha,2020,1,6631513
rajasthan,2020,1,12268753
tamil nadu,2020,1,10970688
telangana,2020,1,12385312
tripura,2020,1,314602
uttarakhand,2020,1,2023901
west bengal,2020,1,12052575
andaman & nicobar islands,2020,1,36875
dadra & nagar haveli & daman & diu,2020,1,193453
goa,2020,1,410941
gujarat,2020,1,10722212
haryana,2020,1,7305629
jharkhand,2020,1,3782690
madhya pradesh,2020,1,10260896
meghalaya,2020,1,129019
mizoram,2020,1,52556
puducherry,2020,1,225275
punjab,2020,1,3875890
sikkim,2020,1,112394
uttar pradesh,2020,1,21194763
andhra pradesh,2020,2,12828761
arunachal pradesh,2020,2,198449
assam,2020,2,2938372
bihar,2020,2,10810307
chandigarh,2020,2,341687
chhattisgarh,2020,2,3484888
delhi,2020,2,8071753
himachal pradesh,2020,2,1275538
jammu & kashmir,2020,2,1132400
karnataka,2020,2,18659833
kerala,2020,2,4520490
ladakh,2020,2,74807
lakshadweep,2020,2,4578
maharashtra,2020,2,28790127
manipur,2020,2,232085
nagaland,2020,2,132841
odisha,2020,2,7239140
rajasthan,2020,2,13697342
tamil nadu,2020,2,12255108
telangana,2020,2,13431777
tripura,2020,2,351939
uttarakhand,2020,2,2234769
west bengal,2020,2,13339774
andaman & nicobar islands,2020,2,41393
dadra & nagar haveli & daman & diu,2020,2,217392
goa,2020,2,451839
gujarat,2020,2,11915415
haryana,2020,2,7982067
jharkhand,2020,2,4198053
madhya pradesh,2020,2,11514232
meghalaya,2020,2,152632
mizoram,2020,2,62148
puducherry,2020,2,249567
punjab,2020,2,4373346
sikkim,2020,2,127647
uttar pradesh,2020,2,23606047
andaman & nicobar islands,2020,3,50005
dadra & nagar haveli & daman & diu,2020,3,239161
goa,2020,3,499358
gujarat,2020,3,13038677
haryana,2020,3,8695590
jharkhand,2020,3,4625467
madhya pradesh,2020,3,12744642
meghalaya,2020,3,176427
mizoram,2020,3,75962
puducherry,2020,3,278348
punjab,2020,3,4858229
sikkim,2020,3,143462
uttar pradesh,2020,3,26045233
andhra pradesh,2020,3,14049378
arunachal pradesh,2020,3,228945
assam,2020,3,3266212
bihar,2020,3,11972054
chandigarh,2020,3,368783
chhattisgarh,2020,3,3897665
delhi,2020,3,8702719
himachal pradesh,2020,3,1408247
jammu & kashmir,2020,3,1249897
karnataka,2020,3,20469767
kerala,2020,3,5337146
ladakh,2020,3,81517
lakshadweep,2020,3,5137
maharashtra,2020,3,31432433
manipur,2020,3,275979
nagaland,2020,3,175583
odisha,2020,3,7888711
rajasthan,2020,3,15099115
tamil nadu,2020,3,13765652
telangana,2020,3,14605692
tripura,2020,3,395067
uttarakhand,2020,3,2456247
west bengal,2020,3,14612656
andaman & nicobar islands,2020,4,61520
dadra & nagar haveli & daman & diu,2020,4,264058
goa,2020,4,553679
gujarat,2020,4,14183614
haryana,2020,4,9406195
jharkhand,2020,4,5079848
madhya pradesh,2020,4,13925932
meghalaya,2020,4,197575
mizoram,2020,4,87194
puducherry,2020,4,312159
punjab,2020,4,5310103
sikkim,2020,4,157981
uttar pradesh,2020,4,28545839
andhra pradesh,2020,4,15263807
arunachal pradesh,2020,4,257285
assam,2020,4,3615153
bihar,2020,4,13128377
chandigarh,2020,4,396747
chhattisgarh,2020,4,4302482
delhi,2020,4,9361847
himachal pradesh,2020,4,1534598
jammu & kashmir,2020,4,1396218
karnataka,2020,4,22376108
kerala,2020,4,6108425
ladakh,2020,4,89518
lakshadweep,2020,4,5775
maharashtra,2020,4,34404572
manipur,2020,4,306249
nagaland,2020,4,194444
odisha,2020,4,8592754
rajasthan,2020,4,16423105
tamil nadu,2020,4,15495864
telangana,2020,4,15891633
tripura,2020,4,431153
uttarakhand,2020,4,2685323
west bengal,2020,4,15870777
andhra pradesh,2021,1,16309736
arunachal pradesh,2021,1,279538
assam,2021,1,3929145
bihar,2021,1,14274751
chandigarh,2021,1,420246
chhattisgarh,2021,1,4682835
delhi,2021,1,9968730
himachal pradesh,2021,1,1638990
jammu & kashmir,2021,1,1549842
karnataka,2021,1,24058436
kerala,2021,1,6650208
ladakh,2021,1,96146
lakshadweep,2021,1,6336
maharashtra,2021,1,36994904
manipur,2021,1,326912
nagaland,2021,1,208308
odisha,2021,1,9201367
rajasthan,2021,1,17806048
tamil nadu,2021,1,16872782
telangana,2021,1,17082180
tripura,2021,1,458876
uttarakhand,2021,1,2888932
west bengal,2021,1,16981214
andaman & nicobar islands,2021,1,69111
dadra & nagar haveli & daman & diu,2021,1,284780
goa,2021,1,596406
gujarat,2021,1,15212633
haryana,2021,1,10053988
jharkhand,2021,1,5505298
madhya pradesh,2021,1,15131202
meghalaya,2021,1,213559
mizoram,2021,1,94488
puducherry,2021,1,338921
punjab,2021,1,5679863
sikkim,2021,1,169708
uttar pradesh,2021,1,30976739
andhra pradesh,2021,2,17327874
arunachal pradesh,2021,2,303657
assam,2021,2,4267940
bihar,2021,2,15401467
chandigarh,2021,2,442163
chhattisgarh,2021,2,5078626
delhi,2021,2,10538375
himachal pradesh,2021,2,1741024
jammu & kashmir,2021,2,1701193
karnataka,2021,2,25647896
kerala,2021,2,7167573
ladakh,2021,2,102914
lakshadweep,2021,2,6816
maharashtra,2021,2,39429859
manipur,2021,2,346378
nagaland,2021,2,222211
odisha,2021,2,9843480
rajasthan,2021,2,19130821
tamil nadu,2021,2,18151670
telangana,2021,2,18184140
tripura,2021,2,485926
uttarakhand,2021,2,3083983
west bengal,2021,2,18090085
andaman & nicobar islands,2021,2,77369
dadra & nagar haveli & daman & diu,2021,2,304287
goa,2021,2,634949
gujarat,2021,2,16194721
haryana,2021,2,10686682
jharkhand,2021,2,5909431
madhya pradesh,2021,2,16251687
meghalaya,2021,2,230094
mizoram,2021,2,101851
puducherry,2021,2,362487
punjab,2021,2,6043827
sikkim,2021,2,181725
uttar pradesh,2021,2,33211904
andaman & nicobar islands,2021,3,85547
dadra & nagar haveli & daman & diu,2021,3,326668
goa,2021,3,677726
gujarat,2021,3,17323185
haryana,2021,3,11374312
jharkhand,2021,3,6377290
madhya pradesh,2021,3,17570524
meghalaya,2021,3,247942
mizoram,2021,3,109595
puducherry,2021,3,386770
punjab,2021,3,6430939
sikkim,2021,3,193942
uttar pradesh,2021,3,35903262
andhra pradesh,2021,3,18380260
arunachal pradesh,2021,3,327708
assam,2021,3,4661558
bihar,2021,3,16692841
chandigarh,2021,3,465065
chhattisgarh,2021,3,5517110
delhi,2021,3,11160288
himachal pradesh,2021,3,1846491
jammu & kashmir,2021,3,1855715
karnataka,2021,3,27447523
kerala,2021,3,7726125
ladakh,2021,3,109859
lakshadweep,2021,3,7374
maharashtra,2021,3,42170156
manipur,2021,3,367233
nagaland,2021,3,236840
odisha,2021,3,10591026
rajasthan,2021,3,20647987
tamil nadu,2021,3,19501393
telangana,2021,3,19355996
tripura,2021,3,514890
uttarakhand,2021,3,3295762
west bengal,2021,3,19374188
andhra pradesh,2021,4,19405303
arunachal pradesh,2021,4,353110
assam,2021,4,5099567
bihar,2021,4,17989043
chandigarh,2021,4,487572
chhattisgarh,2021,4,5951381
delhi,2021,4,11796958
himachal pradesh,2021,4,1950122
jammu & kashmir,2021,4,2040417
karnataka,2021,4,29180661
kerala,2021,4,8323308
ladakh,2021,4,117697
lakshadweep,2021,4,7965
maharashtra,2021,4,44928344
manipur,2021,4,388184
nagaland,2021,4,251384
odisha,2021,4,11358268
rajasthan,2021,4,22032956
tamil nadu,2021,4,20870525
telangana,2021,4,20513162
tripura,2021,4,544397
uttarakhand,2021,4,3503291
west bengal,2021,4,20723757
andaman & nicobar islands,2021,4,94375
dadra & nagar haveli & daman & diu,2021,4,349265
goa,2021,4,720435
gujarat,2021,4,18430583
haryana,2021,4,12047369
jharkhand,2021,4,6872363
madhya pradesh,2021,4,18846562
meghalaya,2021,4,267949
mizoram,2021,4,116803
puducherry,2021,4,411329
punjab,2021,4,6814717
sikkim,2021,4,206238
uttar pradesh,2021,4,38739893
andhra pradesh,2022,1,20341205
arunachal pradesh,2022,1,378277
assam,2022,1,5551092
bihar,2022,1,19351497
chandigarh,2022,1,509170
chhattisgarh,2022,1,6380734
delhi,2022,1,12414526
himachal pradesh,2022,1,2050007
jammu & kashmir,2022,1,2232542
karnataka,2022,1,30809500
kerala,2022,1,8855141
ladakh,2022,1,125119
lakshadweep,2022,1,8435
maharashtra,2022,1,47511322
manipur,2022,1,406492
nagaland,2022,1,266042
odisha,2022,1,12011836
rajasthan,2022,1,23412998
tamil nadu,2022,1,22131653
telangana,2022,1,21608530
tripura,2022,1,573074
uttarakhand,2022,1,3709608
west bengal,2022,1,21954680
andaman & nicobar islands,2022,1,102605
dadra & nagar haveli & daman & diu,2022,1,369790
goa,2022,1,759279
gujarat,2022,1,19483483
haryana,2022,1,12718254
jharkhand,2022,1,7352042
madhya pradesh,2022,1,20115633
meghalaya,2022,1,287587
mizoram,2022,1,123574
puducherry,2022,1,433835
punjab,2022,1,7199914
sikkim,2022,1,217994
uttar pradesh,2022,1,41701425
andaman & nicobar islands,2022,2,111074
dadra & nagar haveli & daman & diu,2022,2,390083
goa,2022,2,796871
gujarat,2022,2,20492610
haryana,2022,2,13329477
jharkhand,2022,2,7783514
madhya pradesh,2022,2,21283425
meghalaya,2022,2,307758
mizoram,2022,2,130454
puducherry,2022,2,453527
punjab,2022,2,7570961
sikkim,2022,2,229640
uttar pradesh,2022,2,44364283
andhra pradesh,2022,2,21272937
arunachal pradesh,2022,2,406742
assam,2022,2,6021618
bihar,2022,2,20671708
chandigarh,2022,2,529517
chhattisgarh,2022,2,6782654
delhi,2022,2,12974749
himachal pradesh,2022,2,2145736
jammu & kashmir,2022,2,2422700
karnataka,2022,2,32374488
kerala,2022,2,9344928
ladakh,2022,2,131845
lakshadweep,2022,2,8885
maharashtra,2022,2,49858004
manipur,2022,2,426522
nagaland,2022,2,281398
odisha,2022,2,12652044
rajasthan,2022,2,24647652
tamil nadu,2022,2,23307037
telangana,2022,2,22613597
tripura,2022,2,603260
uttarakhand,2022,2,3904801
west bengal,2022,2,23181627
andaman & nicobar islands,2022,3,119671
dadra & nagar haveli & daman & diu,2022,3,410533
goa,2022,3,835257
gujarat,2022,3,21579615
haryana,2022,3,13974131
jharkhand,2022,3,8271861
madhya pradesh,2022,3,22575200
meghalaya,2022,3,330639
mizoram,2022,3,138370
puducherry,2022,3,473286
punjab,2022,3,7964871
sikkim,2022,3,241620
uttar pradesh,2022,3,47337748
andhra pradesh,2022,3,22199210
arunachal pradesh,2022,3,436558
assam,2022,3,6517957
bihar,2022,3,22066926
chandigarh,2022,3,550651
chhattisgarh,2022,3,7211969
delhi,2022,3,13539000
himachal pradesh,2022,3,2243636
jammu & kashmir,2022,3,2603073
karnataka,2022,3,33953647
kerala,2022,3,9864268
ladakh,2022,3,138524
lakshadweep,2022,3,9374
maharashtra,2022,3,52289467
manipur,2022,3,448114
nagaland,2022,3,297083
odisha,2022,3,13324247
rajasthan,2022,3,25962683
tamil nadu,2022,3,24513100
telangana,2022,3,23635593
tripura,2022,3,636726
uttarakhand,2022,3,4107474
west bengal,2022,3,24486749
andaman & nicobar islands,2022,4,127606
dadra & nagar haveli & daman & diu,2022,4,431261
goa,2022,4,871837
gujarat,2022,4,22608675
haryana,2022,4,14567786
jharkhand,2022,4,8761666
madhya pradesh,2022,4,23793582
meghalaya,2022,4,352648
mizoram,2022,4,146161
puducherry,2022,4,493378
punjab,2022,4,8329482
sikkim,2022,4,252358
uttar pradesh,2022,4,50213564
andhra pradesh,2022,4,23102641
arunachal pradesh,2022,4,465208
assam,2022,4,6999042
bihar,2022,4,23466284
chandigarh,2022,4,569949
chhattisgarh,2022,4,7618238
delhi,2022,4,14081903
himachal pradesh,2022,4,2334678
jammu & kashmir,2022,4,2801460
karnataka,2022,4,35452134
kerala,2022,4,10342101
ladakh,2022,4,146028
lakshadweep,2022,4,9808
maharashtra,2022,4,54629272
manipur,2022,4,467306
nagaland,2022,4,311555
odisha,2022,4,13990026
rajasthan,2022,4,27182742
tamil nadu,2022,4,25708338
telangana,2022,4,24652313
tripura,2022,4,668667
uttarakhand,2022,4,4296902
west bengal,2022,4,25739668
andaman & nicobar islands,2023,1,134328
dadra & nagar haveli & daman & diu,2023,1,449889
goa,2023,1,904953
gujarat,2023,1,23551635
haryana,2023,1,15150515
jharkhand,2023,1,9222109
madhya pradesh,2023,1,24981019
meghalaya,2023,1,373661
mizoram,2023,1,153259
puducherry,2023,1,511080
punjab,2023,1,8680448
sikkim,2023,1,262655
uttar pradesh,2023,1,53046420
andhra pradesh,2023,1,23903359
arunachal pradesh,2023,1,493307
assam,2023,1,7478158
bihar,2023,1,24855994
chandigarh,2023,1,587987
chhattisgarh,2023,1,8004123
delhi,2023,1,14595060
himachal pradesh,2023,1,2420834
jammu & kashmir,2023,1,2995581
karnataka,2023,1,36773789
kerala,2023,1,10759741
ladakh,2023,1,152636
lakshadweep,2023,1,10183
maharashtra,2023,1,56723036
manipur,2023,1,486209
nagaland,2023,1,325241
odisha,2023,1,14605734
rajasthan,2023,1,28357153
tamil nadu,2023,1,26767037
telangana,2023,1,25533334
tripura,2023,1,699295
uttarakhand,2023,1,4480029
west bengal,2023,1,26980199
andhra pradesh,2023,2,24687258
arunachal pradesh,2023,2,521967
assam,2023,2,7935267
bihar,2023,2,26174400
chandigarh,2023,2,605280
chhattisgarh,2023,2,8375641
delhi,2023,2,15072030
himachal pradesh,2023,2,2502650
jammu & kashmir,2023,2,3178196
karnataka,2023,2,38043386
kerala,2023,2,11135396
ladakh,2023,2,158956
lakshadweep,2023,2,10584
maharashtra,2023,2,58661548
manipur,2023,2,496881
nagaland,2023,2,339039
odisha,2023,2,15180768
rajasthan,2023,2,29493668
tamil nadu,2023,2,27769575
telangana,2023,2,26347321
tripura,2023,2,731619
uttarakhand,2023,2,4650851
west bengal,2023,2,28151830
andaman & nicobar islands,2023,2,141172
dadra & nagar haveli & daman & diu,2023,2,467310
goa,2023,2,935702
gujarat,2023,2,24442139
haryana,2023,2,15685619
jharkhand,2023,2,9650559
madhya pradesh,2023,2,26193021
meghalaya,2023,2,394558
mizoram,2023,2,160684
puducherry,2023,2,527197
punjab,2023,2,9022142
sikkim,2023,2,272768
uttar pradesh,2023,2,55590099
andaman & nicobar islands,2023,3,148091
dadra & nagar haveli & daman & diu,2023,3,484521
goa,2023,3,967033
gujarat,2023,3,25381367
haryana,2023,3,16228788
jharkhand,2023,3,10115548
madhya pradesh,2023,3,27512164
meghalaya,2023,3,419409
mizoram,2023,3,169046
puducherry,2023,3,544090
punjab,2023,3,9396198
sikkim,2023,3,282679
uttar pradesh,2023,3,58422771
andhra pradesh,2023,3,25473637
arunachal pradesh,2023,3,552339
assam,2023,3,8451423
bihar,2023,3,27578408
chandigarh,2023,3,622265
chhattisgarh,2023,3,8766380
delhi,2023,3,15541397
himachal pradesh,2023,3,2584543
jammu & kashmir,2023,3,3356452
karnataka,2023,3,39411658
kerala,2023,3,11534779
ladakh,2023,3,164962
lakshadweep,2023,3,11059
maharashtra,2023,3,60617867
manipur,2023,3,506910
nagaland,2023,3,353878
odisha,2023,3,15773057
rajasthan,2023,3,30792255
tamil nadu,2023,3,28891897
telangana,2023,3,27152426
tripura,2023,3,768145
uttarakhand,2023,3,4823928
west bengal,2023,3,29423200
andhra pradesh,2023,4,26160960
arunachal pradesh,2023,4,584620
assam,2023,4,9011333
bihar,2023,4,29113524
chandigarh,2023,4,639168
chhattisgarh,2023,4,9160798
delhi,2023,4,16011335
himachal pradesh,2023,4,2677484
jammu & kashmir,2023,4,3588585
karnataka,2023,4,40600790
kerala,2023,4,11984795
ladakh,2023,4,173131
lakshadweep,2023,4,11676
maharashtra,2023,4,62581750
manipur,2023,4,528770
nagaland,2023,4,370492
odisha,2023,4,16349232
rajasthan,2023,4,32021284
tamil nadu,2023,4,30002865
telangana,2023,4,27926155
tripura,2023,4,809084
uttarakhand,2023,4,4999454
west bengal,2023,4,30766242
andaman & nicobar islands,2023,4,155470
dadra & nagar haveli & daman & diu,2023,4,502992
goa,2023,4,1001527
gujarat,2023,4,26346004
haryana,2023,4,16779114
jharkhand,2023,4,10617881
madhya pradesh,2023,4,28703519
meghalaya,2023,4,450369
mizoram,2023,4,179480
puducherry,2023,4,561059
punjab,2023,4,9790268
sikkim,2023,4,292795
uttar pradesh,2023,4,61516010
andhra pradesh,2024,1,26931791
arunachal pradesh,2024,1,623413
assam,2024,1,9619049
bihar,2024,1,30849769
chandigarh,2024,1,660057
chhattisgarh,2024,1,9676480
delhi,2024,1,16600851
himachal pradesh,2024,1,2783894
jammu & kashmir,2024,1,3840608
karnataka,2024,1,41888288
kerala,2024,1,12400955
ladakh,2024,1,180765
lakshadweep,2024,1,12330
maharashtra,2024,1,64700862
manipur,2024,1,564185
nagaland,2024,1,391270
odisha,2024,1,17002272
rajasthan,2024,1,33414280
tamil nadu,2024,1,31080814
telangana,2024,1,28813177
tripura,2024,1,858086
uttarakhand,2024,1,5206546
west bengal,2024,1,32233492
andaman & nicobar islands,2024,1,162750
dadra & nagar haveli & daman & diu,2024,1,522738
goa,2024,1,1039130
gujarat,2024,1,27405423
haryana,2024,1,17427671
jharkhand,2024,1,11202660
madhya pradesh,2024,1,30087710
meghalaya,2024,1,488538
mizoram,2024,1,194379
puducherry,2024,1,578039
punjab,2024,1,10263130
sikkim,2024,1,304915
uttar pradesh,2024,1,64960422
andaman & nicobar islands,2024,2,170651
dadra & nagar haveli & daman & diu,2024,2,542235
goa,2024,2,1078255
gujarat,2024,2,28470147
haryana,2024,2,18087186
jharkhand,2024,2,11765547
madhya pradesh,2024,2,31399806
meghalaya,2024,2,536952
mizoram,2024,2,213479
puducherry,2024,2,594818
punjab,2024,2,10766796
sikkim,2024,2,319071
uttar pradesh,2024,2,68189228
andhra pradesh,2024,2,27773775
arunachal pradesh,2024,2,670071
assam,2024,2,10259479
bihar,2024,2,32631512
chandigarh,2024,2,682073
chhattisgarh,2024,2,10160209
delhi,2024,2,17177363
himachal pradesh,2024,2,2904980
jammu & kashmir,2024,2,4103216
karnataka,2024,2,43157465
kerala,2024,2,12860951
ladakh,2024,2,190668
lakshadweep,2024,2,13251
maharashtra,2024,2,66770730
manipur,2024,2,603425
nagaland,2024,2,423165
odisha,2024,2,17662149
rajasthan,2024,2,34754315
tamil nadu,2024,2,32173286
telangana,2024,2,29668981
tripura,2024,2,910150
uttarakhand,2024,2,5419938
west bengal,2024,2,33696097
andhra pradesh,2024,3,28578957
arunachal pradesh,2024,3,712965
assam,2024,3,10865707
bihar,2024,3,34194093
chandigarh,2024,3,703169
chhattisgarh,2024,3,10587536
delhi,2024,3,17734636
himachal pradesh,2024,3,3013084
jammu & kashmir,2024,3,4334950
karnataka,2024,3,44350489
kerala,2024,3,13360448
ladakh,2024,3,199266
lakshadweep,2024,3,14065
maharashtra,2024,3,69582864
manipur,2024,3,644220
nagaland,2024,3,456203
odisha,2024,3,18360257
rajasthan,2024,3,35974844
tamil nadu,2024,3,33289377
telangana,2024,3,30496407
tripura,2024,3,958718
uttarakhand,2024,3,5624430
west bengal,2024,3,35120561
andaman & nicobar islands,2024,3,178309
dadra & nagar haveli & daman & diu,2024,3,560853
goa,2024,3,1117049
gujarat,2024,3,29515495
haryana,2024,3,18729218
jharkhand,2024,3,12330147
madhya pradesh,2024,3,32634553
meghalaya,2024,3,582628
mizoram,2024,3,246580
puducherry,2024,3,612094
punjab,2024,3,11264065
sikkim,2024,3,333732
uttar pradesh,2024,3,71327157
andaman & nicobar islands,2024,4,184669
dadra & nagar haveli & daman & diu,2024,4,579259
goa,2024,4,1151724
gujarat,2024,4,30455926
haryana,2024,4,19313789
jharkhand,2024,4,12847879
madhya pradesh,2024,4,33718050
meghalaya,2024,4,611334
mizoram,2024,4,258269
puducherry,2024,4,629389
punjab,2024,4,11622811
sikkim,2024,4,345323
uttar pradesh,2024,4,74136023
andhra pradesh,2024,4,29497544
arunachal pradesh,2024,4,743265
assam,2024,4,11341543
bihar,2024,4,35663071
chandigarh,2024,4,721374
chhattisgarh,2024,4,10962228
delhi,2024,4,18256126
himachal pradesh,2024,4,3099424
jammu & kashmir,2024,4,4516651
karnataka,2024,4,45668243
kerala,2024,4,13798127
ladakh,2024,4,206450
lakshadweep,2024,4,14725
maharashtra,2024,4,72020866
manipur,2024,4,668293
nagaland,2024,4,475258
odisha,2024,4,19085969
rajasthan,2024,4,37075516
tamil nadu,2024,4,34331442
telangana,2024,4,31420121
tripura,2024,4,995320
uttarakhand,2024,4,5801849
west bengal,2024,4,36468735
andhra pradesh,2025,1,30313656
arunachal pradesh,2025,1,772957
assam,2025,1,11808496
bihar,2025,1,37257833
chandigarh,2025,1,739749
chhattisgarh,2025,1,11341270
delhi,2025,1,18767127
himachal pradesh,2025,1,3187150
jammu & kashmir,2025,1,4699442
karnataka,2025,1,46870457
kerala,2025,1,14209056
ladakh,2025,1,213189
lakshadweep,2025,1,15368
maharashtra,2025,1,74177131
manipur,2025,1,694042
nagaland,2025,1,493342
odisha,2025,1,19731478
rajasthan,2025,1,38208545
tamil nadu,2025,1,35340007
telangana,2025,1,32290034
tripura,2025,1,1032353
uttarakhand,2025,1,5979871
west bengal,2025,1,37781664
andaman & nicobar islands,2025,1,190713
dadra & nagar haveli & daman & diu,2025,1,597015
goa,2025,1,1185550
gujarat,2025,1,31378561
haryana,2025,1,19907909
jharkhand,2025,1,13390825
madhya pradesh,2025,1,34868747
meghalaya,2025,1,640474
mizoram,2025,1,270295
puducherry,2025,1,645855
punjab,2025,1,11997032
sikkim,2025,1,357215
uttar pradesh,2025,1,77043398
andhra pradesh,2025,2,31181805
arunachal pradesh,2025,2,803428
assam,2025,2,12266826
bihar,2025,2,38792069
chandigarh,2025,2,757963
chhattisgarh,2025,2,11716582
delhi,2025,2,19263783
himachal pradesh,2025,2,3270465
jammu & kashmir,2025,2,4865971
karnataka,2025,2,48100388
kerala,2025,2,14603026
ladakh,2025,2,219995
lakshadweep,2025,2,15987
maharashtra,2025,2,76247239
manipur,2025,2,719620
nagaland,2025,2,512198
odisha,2025,2,20349791
rajasthan,2025,2,39315591
tamil nadu,2025,2,36318119
telangana,2025,2,33161493
tripura,2025,2,1069043
uttarakhand,2025,2,6152816
west bengal,2025,2,39021346
andaman & nicobar islands,2025,2,196844
dadra & nagar haveli & daman & diu,2025,2,613335
goa,2025,2,1218114
gujarat,2025,2,32256294
haryana,2025,2,20473762
jharkhand,2025,2,13882870
madhya pradesh,2025,2,35961457
meghalaya,2025,2,670920
mizoram,2025,2,282032
puducherry,2025,2,661400
punjab,2025,2,12360971
sikkim,2025,2,368764
uttar pradesh,2025,2,79721010
andhra pradesh,2025,3,32097241
arunachal pradesh,2025,3,834455
assam,2025,3,12771675
bihar,2025,3,40492727
chandigarh,2025,3,776162
chhattisgarh,2025,3,12105416
delhi,2025,3,19764135
himachal pradesh,2025,3,3355425
jammu & kashmir,2025,3,5026228
karnataka,2025,3,49293465
kerala,2025,3,15022652
ladakh,2025,3,225152
lakshadweep,2025,3,16553
maharashtra,2025,3,78365134
manipur,2025,3,749966
nagaland,2025,3,533473
odisha,2025,3,20979927
rajasthan,2025,3,40494453
tamil nadu,2025,3,37334630
telangana,2025,3,34013239
tripura,2025,3,1109299
uttarakhand,2025,3,6335256
west bengal,2025,3,40328474
andaman & nicobar islands,2025,3,203056
dadra & nagar haveli & daman & diu,2025,3,630853
goa,2025,3,1252705
gujarat,2025,3,33195778
haryana,2025,3,21056009
jharkhand,2025,3,14421897
madhya pradesh,2025,3,37166358
meghalaya,2025,3,704327
mizoram,2025,3,295734
puducherry,2025,3,677573
punjab,2025,3,12758339
sikkim,2025,3,379914
uttar pradesh,2025,3,82795120
andhra pradesh,2025,4,32906085
arunachal pradesh,2025,4,865553
assam,2025,4,13282617
bihar,2025,4,42344157
chandigarh,2025,4,794106
chhattisgarh,2025,4,12478219
delhi,2025,4,20229290
himachal pradesh,2025,4,3444065
jammu & kashmir,2025,4,5205677
karnataka,2025,4,50339561
kerala,2025,4,15459282
ladakh,2025,4,231656
lakshadweep,2025,4,17251
maharashtra,2025,4,80321622
manipur,2025,4,783532
nagaland,2025,4,555336
odisha,2025,4,21533027
rajasthan,2025,4,41560104
tamil nadu,2025,4,38313127
telangana,2025,4,34807525
tripura,2025,4,1151875
uttarakhand,2025,4,6515385
west bengal,2025,4,41514118
andaman & nicobar islands,2025,4,209295
dadra & nagar haveli & daman & diu,2025,4,647249
goa,2025,4,1289056
gujarat,2025,4,34132806
haryana,2025,4,21615414
jharkhand,2025,4,14935840
madhya pradesh,2025,4,38249438
meghalaya,2025,4,742750
mizoram,2025,4,312483
puducherry,2025,4,693418
punjab,2025,4,13172691
sikkim,2025,4,391051
uttar pradesh,2025,4,85800260
andhra pradesh,2026,1,33598777
arunachal pradesh,2026,1,894421
assam,2026,1,13764766
bihar,2026,1,43855409
chandigarh,2026,1,811491
chhattisgarh,2026,1,12825130
delhi,2026,1,20688029
himachal pradesh,2026,1,3529338
jammu & kashmir,2026,1,5380456
karnataka,2026,1,51308731
kerala,2026,1,15839220
ladakh,2026,1,237706
lakshadweep,2026,1,17882
maharashtra,2026,1,82017557
manipur,2026,1,814173
nagaland,2026,1,575983
odisha,2026,1,22049893
rajasthan,2026,1,42603158
tamil nadu,2026,1,39201469
telangana,2026,1,35513627
tripura,2026,1,1191907
uttarakhand,2026,1,6690656
west bengal,2026,1,42771072
andaman & nicobar islands,2026,1,214818
dadra & nagar haveli & daman & diu,2026,1,661947
goa,2026,1,1325289
gujarat,2026,1,34953549
haryana,2026,1,22159437
jharkhand,2026,1,15393721
madhya pradesh,2026,1,39250624
meghalaya,2026,1,778471
mizoram,2026,1,327659
puducherry,2026,1,707787
punjab,2026,1,13581016
sikkim,2026,1,402651
uttar pradesh,2026,1,88629936
andhra pradesh,2026,2,34327612
arunachal pradesh,2026,2,951240
assam,2026,2,14095525
bihar,2026,2,44813491
chandigarh,2026,2,829123
chhattisgarh,2026,2,13192734
delhi,2026,2,21250201
himachal pradesh,2026,2,3592809
jammu & kashmir,2026,2,5645686
karnataka,2026,2,52534800
kerala,2026,2,16304760
ladakh,2026,2,250921
lakshadweep,2026,2,18419
maharashtra,2026,2,84075442
manipur,2026,2,854036
nagaland,2026,2,602471
odisha,2026,2,22586814
rajasthan,2026,2,43692290
tamil nadu,2026,2,40264046
telangana,2026,2,36479877
tripura,2026,2,1242083
uttarakhand,2026,2,6755122
west bengal,2026,2,43272502
andaman & nicobar islands,2026,2,220759
dadra & nagar haveli & daman & diu,2026,2,685445
goa,2026,2,1347940
gujarat,2026,2,36083882
haryana,2026,2,22839223
jharkhand,2026,2,15790280
madhya pradesh,2026,2,40093377
meghalaya,2026,2,821275
mizoram,2026,2,349070
puducherry,2026,2,723563
punjab,2026,2,14095349
sikkim,2026,2,407103
uttar pradesh,2026,2,90563992
